ID,FirstName,LastName,Country
1,Maria,Anders,Germany
2,Ana,Trujillo,Mexico
3,Antonio,Moreno,Mexico
4,Thomas,Hardy,UK
5,Christina,Berglund,Sweden
6,Hanna,Moos,Germany
7,Frederique,Citeaux,France
8,Martin,Sommer,Spain
9,Laurence,Lebihan,France
10,Elizabeth,Lincoln,Canada
11,Victoria,Ashworth,UK
12,Patricio,Simpson,Argentina
13,Francisco,Chang,Mexico
14,Yang,Wang,Switzerland
15,Pedro,Afonso,Brazil
16,Elizabeth,Brown,UK
17,Sven,Ottlieb,Germany
18,Janine,Labrune,France
19,Ann,Devon,UK
20,Roland,Mendel,Austria
21,Aria,Cruz,Brazil
22,Diego,Roel,Spain
23,Martine,Rancé,France
24,Maria,Larsson,Sweden
25,Peter,Franken,Germany
26,Carine,Schmitt,France
27,Paolo,Accorti,Italy
28,Lino,Rodriguez,Portugal
29,Eduardo,Saavedra,Spain
30,José,Pedro Freyre,Spain
31,André,Fonseca,Brazil
32,Howard,Snyder,USA
33,Manuel,Pereira,Venezuela
34,Mario,Pontes,Brazil
35,Carlos,Hernández,Venezuela
36,Yoshi,Latimer,USA
37,Patricia,McKenna,Ireland
38,Helen,Bennett,UK
39,Philip,Cramer,Germany
40,Daniel,Tonini,France
41,Annette,Roulet,France
42,Yoshi,Tannamuri,Canada
43,John,Steel,USA
44,Renate,Messner,Germany
45,Jaime,Yorres,USA
46,Carlos,González,Venezuela
47,Felipe,Izquierdo,Venezuela
48,Fran,Wilson,USA
49,Giovanni,Rovelli,Italy
50,Catherine,Dewey,Belgium
51,Jean,Fresnière,Canada
52,Alexander,Feuer,Germany
53,Simon,Crowther,UK
54,Yvonne,Moncada,Argentina
55,Rene,Phillips,USA
56,Henriette,Pfalzheim,Germany
57,Marie,Bertrand,France
58,Guillermo,Fernández,Mexico
59,Georg,Pipps,Austria
60,Isabel,de Castro,Portugal
61,Bernardo,Batista,Brazil
62,Lúcia,Carvalho,Brazil
63,Horst,Kloss,Germany
64,Sergio,Gutiérrez,Argentina
65,Paula,Wilson,USA
66,Maurizio,Moroni,Italy
67,Janete,Limeira,Brazil
68,Michael,Holz,Switzerland
69,Alejandra,Camino,Spain
70,Jonas,Bergulfsen,Norway
71,Jose,Pavarotti,USA
72,Hari,Kumar,UK
73,Jytte,Petersen,Denmark
74,Dominique,Perrier,France
75,Art,Braunschweiger,USA
76,Pascale,Cartrain,Belgium
77,Liz,Nixon,USA
78,Liu,Wong,USA
79,Karin,Josephs,Germany
80,Miguel,Angel Paolino,Mexico
81,Anabela,Domingues,Brazil
82,Helvetius,Nagy,USA
83,Palle,Ibsen,Denmark
84,Mary,Saveley,France
85,Paul,Henriot,France
86,Rita,Müller,Germany
87,Pirkko,Koskitalo,Finland
88,Paula,Parente,Brazil
89,Karl,Jablonski,USA
90,Matti,Karttunen,Finland
91,Zbyszek,Piestrzeniewicz,Poland
